eco	name	pgn
A00	Grob Opening	1. g4
A00	Mieses Opening	1. d3
A00	Polish Opening	1. b4
A00	Van Geet Opening	1. Nc3
A00	Polish Opening: Dutch Defense	1. b4 f5
A00	Polish Opening: Grigorian Variation	1. b4 Nc6
A00	Polish Opening: Karniewski Variation	1. b4 Nh6
A00	Polish Opening: Outflank Variation	1. b4 c6
A00	Polish Opening: Symmetrical Variation	1. b4 b5
A00	Polish Opening: Bugayev Attack	1. b4 e5 2. a3
A01	Nimzo-Larsen Attack	1. b3
A01	Nimzo-Larsen Attack: Classical Variation	1. b3 d5
A01	Nimzo-Larsen Attack: Modern Variation	1. b3 e5
A01	Nimzo-Larsen Attack: Dutch Variation	1. b3 f5
A01	Nimzo-Larsen Attack: English Variation	1. b3 c5
A01	Nimzo-Larsen Attack: Indian Variation	1. b3 Nf6
A01	Nimzo-Larsen Attack: Polish Variation	1. b3 b5
A02	Bird Opening	1. f4
A02	Bird Opening: Horsefly Defense	1. f4 Nh6
A02	Bird Opening: Myers Defense	1. f4 b5
A02	Bird Opening: Mujannah	1. f4 Nf6 2. c4
A02	Bird Opening: Double Duck Formation	1. f4 f5 2. d4 d5
A02	Bird Opening: Batavo-Polish Attack	1. f4 Nf6 2. Nf3 g6 3. b4
A03	Bird Opening: Dutch Variation	1. f4 d5
A04	Zukertort Opening	1. Nf3
A04	Zukertort Opening: Kingside Fianchetto	1. Nf3 g6
A04	Zukertort Opening: Queenside Fianchetto Variation	1. Nf3 b6
A04	Zukertort Opening: Arctic Defense	1. Nf3 f6
A04	Zukertort Opening: Basman Defense	1. Nf3 h6
A04	Zukertort Opening: Black Mustang Defense	1. Nf3 Nc6
A04	Zukertort Opening: Dutch Variation	1. Nf3 f5
A05	Zukertort Opening: Quiet System	1. Nf3 Nf6 2. e3
A07	King's Indian Attack	1. Nf3 d5 2. g3
A07	King's Indian Attack: Double Fianchetto	1. Nf3 d5 2. g3 g6
A07	King's Indian Attack: Keres Variation	1. Nf3 d5 2. g3 Bg4
A09	Réti Opening	1. Nf3 d5 2. c4
A09	Réti Opening: Advance Variation	1. Nf3 d5 2. c4 d4
A09	Réti Opening: Réti Accepted	1. Nf3 d5 2. c4 dxc4
A09	Réti Opening: Penguin Variation	1. Nf3 d5 2. c4 d4 3. Rg1
A10	English Opening	1. c4
A10	English Opening: Anglo-Dutch Defense	1. c4 f5
A10	English Opening: Anglo-Lithuanian Variation	1. c4 Nc6
A10	English Opening: Anglo-Scandinavian Defense	1. c4 d5
A10	English Opening: Great Snake Variation	1. c4 g6
A10	English Opening: Myers Defense	1. c4 g5
A10	English Opening: Adorjan Defense	1. c4 g6 2. e4 e5
A11	English Opening: Caro-Kann Defensive System	1. c4 c6
A11	Réti Opening: Anglo-Slav Variation, Gurevich System	1. c4 c6 2. Nf3 d5 3. e3
A13	English Opening: Agincourt Defense	1. c4 e6
A15	English Opening: Anglo-Indian Defense	1. c4 Nf6
A15	English Opening: Anglo-Indian Defense, King's Knight Variation	1. c4 Nf6 2. Nf3
A16	English Opening: Anglo-Grünfeld Defense	1. c4 Nf6 2. Nc3 d5
A16	English Opening: Anglo-Indian Defense, Queen's Knight Variation	1. c4 Nf6 2. Nc3
A17	English Opening: Anglo-Indian Defense, Hedgehog System	1. c4 Nf6 2. Nc3 e6
A18	English Opening: Mikenas-Carls Variation	1. c4 e6 2. Nc3 Nf6 3. e4
A20	English Opening: King's English Variation	1. c4 e5
A20	English Opening: Drill Variation	1. c4 e5 2. g3 h5
A20	English Opening: King's English Variation, Nimzowitsch Variation	1. c4 e5 2. Nf3
A21	English Opening: King's English Variation, Reversed Sicilian	1. c4 e5 2. Nc3
A22	English Opening: King's English Variation, Two Knights Variation, Reversed Dragon	1. c4 e5 2. Nc3 Nf6 3. g3 d5
A22	English Opening: Carls-Bremen System	1. c4 e5 2. Nc3 Nf6 3. g3
A22	English Opening: King's English Variation, Two Knights Variation	1. c4 e5 2. Nc3 Nf6
A25	English Opening: King's English Variation, Reversed Closed Sicilian	1. c4 e5 2. Nc3 Nc6
A26	English Opening: King's English Variation, Botvinnik System	1. c4 e5 2. Nc3 Nc6 3. g3 g6 4. Bg2 Bg7 5. d3 d6 6. e4
A27	English Opening: King's English Variation, Three Knights System	1. c4 e5 2. Nc3 Nc6 3. Nf3
A28	English Opening: King's English Variation, Four Knights Variation	1. c4 e5 2. Nc3 Nf6 3. Nf3 Nc6
A30	English Opening: Symmetrical Variation	1. c4 c5
A30	English Opening: Symmetrical Variation, Hedgehog Defense	1. c4 e6 2. Nf3 Nf6 3. Nc3 c5 4. g3 b6 5. Bg2 Bb7 6. O-O Be7
A34	English Opening: Symmetrical Variation, Normal Variation	1. c4 c5 2. Nc3
A35	English Opening: Symmetrical Variation, Four Knights Variation	1. c4 c5 2. Nf3 Nf6 3. Nc3 Nc6
A35	English Opening: Symmetrical Variation, Two Knights Variation	1. c4 c5 2. Nc3 Nc6
A36	English Opening: Symmetrical Variation, Botvinnik System	1. c4 c5 2. e4 Nc6 3. Nc3 g6 4. g3 Bg7 5. Bg2
A40	Queen's Pawn Game	1. d4
A40	Queen's Pawn Game: Modern Defense	1. d4 g6
A40	Queen's Pawn Game: Anglo-Slav Opening	1. d4 c6 2. c4 d6
A43	Benoni Defense: Old Benoni	1. d4 c5
A43	Benoni Defense: Benoni-Indian Defense	1. d4 c5 2. d5 Nf6
A43	Benoni Defense: Snail Variation	1. d4 c5 2. d5 Na6
A45	Indian Defense	1. d4 Nf6
A45	Trompowsky Attack	1. d4 Nf6 2. Bg5
A45	Trompowsky Attack: Classical Defense	1. d4 Nf6 2. Bg5 e6
A45	Trompowsky Attack: Raptor Variation	1. d4 Nf6 2. Bg5 Ne4 3. h4
A45	Indian Defense: Accelerated London System	1. d4 Nf6 2. Bf4
A45	Indian Defense: Pawn Push Variation	1. d4 Nf6 2. d5
A45	Indian Defense: Tartakower Attack	1. d4 Nf6 2. g3
A46	Torre Attack: Classical Defense	1. d4 Nf6 2. Nf3 e6 3. Bg5
A46	Indian Defense: Knights Variation	1. d4 Nf6 2. Nf3
A46	Indian Defense: London System	1. d4 Nf6 2. Nf3 e6 3. Bf4
A46	Indian Defense: Czech-Indian	1. d4 Nf6 2. Nf3 c6
A48	Torre Attack: Fianchetto Defense	1. d4 Nf6 2. Nf3 g6 3. Bg5
A50	Indian Defense: Normal Variation	1. d4 Nf6 2. c4
A51	Indian Defense: Budapest Gambit	1. d4 Nf6 2. c4 e5
A53	Old Indian Defense	1. d4 Nf6 2. c4 d6
A56	Benoni Defense	1. d4 Nf6 2. c4 c5
A56	Benoni Defense: Czech Benoni Defense	1. d4 Nf6 2. c4 c5 3. d5 e5
A57	Benko Gambit	1. d4 Nf6 2. c4 c5 3. d5 b5
A57	Benko Gambit Accepted	1. d4 Nf6 2. c4 c5 3. d5 b5 4. cxb5 a6
A58	Benko Gambit Accepted: Fianchetto Variation	1. d4 Nf6 2. c4 c5 3. d5 b5 4. cxb5 a6 5. bxa6 g6 6. Nc3 Bxa6 7. g3 d6 8. Bg2 Bg7 9. Nf3
A60	Benoni Defense: Modern Variation	1. d4 Nf6 2. c4 c5 3. d5 e6
A61	Benoni Defense: Knight's Tour Variation	1. d4 Nf6 2. c4 e6 3. Nf3 c5 4. d5 exd5 5. cxd5 d6 6. Nc3 g6 7. Nd2
A67	Benoni Defense: Taimanov Variation	1. d4 Nf6 2. c4 c5 3. d5 e6 4. Nc3 exd5 5. cxd5 d6 6. e4 g6 7. f4 Bg7 8. Bb5+
A70	Benoni Defense: Classical Variation	1. d4 Nf6 2. c4 e6 3. Nf3 c5 4. d5 exd5 5. cxd5 d6 6. Nc3 g6 7. e4
A80	Dutch Defense	1. d4 f5
A80	Dutch Defense: Alapin Variation	1. d4 f5 2. Qd3
A80	Dutch Defense: Hopton Attack	1. d4 f5 2. Bg5
A80	Dutch Defense: Korchnoi Attack	1. d4 f5 2. h3
A80	Dutch Defense: Raphael Variation	1. d4 f5 2. Nc3
A81	Dutch Defense: Fianchetto Attack	1. d4 f5 2. g3
A82	Dutch Defense: Staunton Gambit	1. d4 f5 2. e4
A84	Dutch Defense: Classical Variation	1. d4 f5 2. c4 e6
A84	Dutch Defense: Normal Variation	1. d4 f5 2. c4 Nf6
A86	Dutch Defense: Leningrad Variation	1. d4 f5 2. c4 Nf6 3. g3 g6
A86	Dutch Defense: Fianchetto Variation	1. d4 f5 2. c4 Nf6 3. g3
A92	Dutch Defense: Stonewall Variation	1. d4 f5 2. c4 Nf6 3. g3 e6 4. Bg2 Be7 5. Nf3 O-O 6. O-O d5
A97	Dutch Defense: Classical Variation, Ilyin-Zhenevsky Variation	1. d4 f5 2. c4 Nf6 3. g3 e6 4. Bg2 Be7 5. Nf3 O-O 6. O-O d6 7. Nc3 Qe8
B00	King's Pawn Game	1. e4
B00	Nimzowitsch Defense	1. e4 Nc6
B00	Owen Defense	1. e4 b6
B00	Pirc Defense	1. e4 d6
B00	Nimzowitsch Defense: Declined Variation	1. e4 Nc6 2. Nf3
B00	Nimzowitsch Defense: Pseudo-Spanish Variation	1. e4 Nc6 2. Bb5
B00	Nimzowitsch Defense: Colorado Countergambit	1. e4 Nc6 2. Nf3 f5
B00	Nimzowitsch Defense: Franco-Nimzowitsch Variation	1. e4 Nc6 2. Nf3 e6
B00	Nimzowitsch Defense: French Connection	1. e4 Nc6 2. Nc3 e6
B00	Nimzowitsch Defense: Kennedy Variation	1. e4 Nc6 2. d4 e5
B00	Owen Defense: Guatemala Defense	1. e4 b6 2. d4 Ba6
B01	Scandinavian Defense	1. e4 d5
B01	Scandinavian Defense: Modern Variation	1. e4 d5 2. exd5 Nf6
B01	Scandinavian Defense: Mieses-Kotroc Variation	1. e4 d5 2. exd5 Qxd5
B01	Scandinavian Defense: Classical Variation	1. e4 d5 2. exd5 Qxd5 3. Nc3 Qa5 4. d4 Nf6 5. Nf3 Bf5
B01	Scandinavian Defense: Icelandic-Palme Gambit	1. e4 d5 2. exd5 Nf6 3. c4 e6
B01	Scandinavian Defense: Portuguese Gambit	1. e4 d5 2. exd5 Nf6 3. d4 Bg4
B01	Scandinavian Defense: Main Line	1. e4 d5 2. exd5 Qxd5 3. Nc3 Qa5
B02	Alekhine Defense	1. e4 Nf6
B02	Alekhine Defense: Scandinavian Variation	1. e4 Nf6 2. Nc3 d5
B02	Alekhine Defense: Normal Variation	1. e4 Nf6 2. e5 Nd5
B02	Alekhine Defense: Krejcik Variation	1. e4 Nf6 2. Bc4
B02	Alekhine Defense: Maróczy Variation	1. e4 Nf6 2. d3
B02	Alekhine Defense: Brooklyn Variation	1. e4 Nf6 2. e5 Ng8
B02	Alekhine Defense: Mokele Mbembe	1. e4 Nf6 2. e5 Ne4
B02	Alekhine Defense: Buckley Attack	1. e4 Nf6 2. e5 Nd5 3. Na3
B02	Alekhine Defense: Sämisch Attack	1. e4 Nf6 2. e5 Nd5 3. Nc3
B02	Alekhine Defense: Two Pawns Attack	1. e4 Nf6 2. e5 Nd5 3. c4
B02	Alekhine Defense: Welling Variation	1. e4 Nf6 2. e5 Nd5 3. b3
B03	Alekhine Defense: Four Pawns Attack	1. e4 Nf6 2. e5 Nd5 3. d4 d6 4. c4 Nb6 5. f4
B03	Alekhine Defense: Exchange Variation	1. e4 Nf6 2. e5 Nd5 3. d4 d6 4. c4 Nb6 5. exd6
B03	Alekhine Defense: Four Pawns Attack, Main Line	1. e4 Nf6 2. e5 Nd5 3. d4 d6 4. c4 Nb6 5. f4 dxe5 6. fxe5 Nc6 7. Be3
B04	Alekhine Defense: Modern Variation	1. e4 Nf6 2. e5 Nd5 3. d4 d6 4. Nf3
B05	Alekhine Defense: Modern Variation, Main Line	1. e4 Nf6 2. e5 Nd5 3. d4 d6 4. Nf3 Bg4
B06	Modern Defense	1. e4 g6
B06	Modern Defense: Standard Defense	1. e4 g6 2. d4 Bg7 3. Nc3 d6
B06	Modern Defense: Norwegian Defense	1. e4 g6 2. d4 Nf6
B06	Modern Defense: Bishop Attack	1. e4 g6 2. d4 Bg7 3. Bc4
B06	Modern Defense: Standard Line	1. e4 g6 2. d4 Bg7 3. Nc3
B06	Modern Defense: Three Pawns Attack	1. e4 g6 2. d4 Bg7 3. f4
B06	Modern Defense: Modern Pterodactyl	1. e4 g6 2. d4 Bg7 3. Nc3 c5
B06	Modern Defense: Two Knights Variation	1. e4 g6 2. d4 Bg7 3. Nc3 d6 4. Nf3
B06	Modern Defense: Fianchetto Gambit	1. e4 g6 2. d4 f5
B07	Pirc Defense: 150 Attack	1. e4 d6 2. d4 Nf6 3. Nc3 g6 4. Be3 c6 5. Qd2
B07	Pirc Defense: Bayonet Attack	1. e4 d6 2. d4 Nf6 3. Nc3 g6 4. Be2 Bg7 5. h4
B07	Pirc Defense: Byrne Variation	1. e4 d6 2. d4 Nf6 3. Nc3 g6 4. Bg5
B07	Czech Defense	1. e4 d6 2. d4 Nf6 3. Nc3 c6
B07	Modern Defense: Geller's System	1. e4 g6 2. d4 Bg7 3. Nf3 d6 4. c3
B07	King's Pawn Game: Maróczy Defense	1. e4 d6 2. d4 e5
B08	Pirc Defense: Classical Variation	1. e4 d6 2. d4 Nf6 3. Nc3 g6 4. Nf3
B08	Pirc Defense: Classical Variation, Quiet System	1. e4 d6 2. d4 Nf6 3. Nc3 g6 4. Nf3 Bg7 5. Be2
B09	Pirc Defense: Austrian Attack	1. e4 d6 2. d4 Nf6 3. Nc3 g6 4. f4
B10	Caro-Kann Defense	1. e4 c6
B10	Caro-Kann Defense: Two Knights Attack	1. e4 c6 2. Nc3 d5 3. Nf3
B10	Caro-Kann Defense: Accelerated Panov Attack	1. e4 c6 2. c4
B10	Caro-Kann Defense: Breyer Variation	1. e4 c6 2. d3
B10	Caro-Kann Defense: Euwe Attack	1. e4 c6 2. b3
B10	Caro-Kann Defense: Hillbilly Attack	1. e4 c6 2. Bc4
B10	Caro-Kann Defense: Labahn Attack	1. e4 c6 2. b4
B10	Caro-Kann Defense: Spike Variation	1. e4 c6 2. g4
B10	Caro-Kann Defense: Accelerated Panov Attack, Open Variation	1. e4 c6 2. c4 e5
B10	Caro-Kann Defense: Endgame Offer	1. e4 c6 2. Nf3 d5 3. d3
B10	Caro-Kann Defense: Goldman Variation	1. e4 c6 2. Nc3 d5 3. Qf3
B10	Caro-Kann Defense: St. Patrick's Attack	1. e4 c6 2. Nc3 d5 3. h3
B12	Caro-Kann Defense: Advance Variation	1. e4 c6 2. d4 d5 3. e5
B12	Caro-Kann Defense: Advance Variation, Short Variation	1. e4 c6 2. d4 d5 3. e5 Bf5 4. Nf3
B12	Caro-Kann Defense: Advance Variation, Tal Variation	1. e4 c6 2. d4 d5 3. e5 Bf5 4. h4
B12	Caro-Kann Defense: Maróczy Variation	1. e4 c6 2. d4 d5 3. f3
B12	Caro-Kann Defense: Modern Variation	1. e4 c6 2. d4 d5 3. Nd2
B12	Caro-Kann Defense: De Bruycker Defense	1. e4 c6 2. d4 Na6
B12	Caro-Kann Defense: Masi Variation	1. e4 c6 2. d4 Nf6
B12	Caro-Kann Defense: Massachusetts Defense	1. e4 c6 2. d4 f5
B13	Caro-Kann Defense: Exchange Variation	1. e4 c6 2. d4 d5 3. exd5
B13	Caro-Kann Defense: Panov Attack	1. e4 c6 2. d4 d5 3. exd5 cxd5 4. c4
B15	Caro-Kann Defense: Tartakower Variation	1. e4 c6 2. d4 d5 3. Nc3 dxe4 4. Nxe4 Nf6 5. Nxf6+ exf6
B15	Caro-Kann Defense: Gurgenidze System	1. e4 c6 2. d4 d5 3. Nc3 g6
B15	Caro-Kann Defense: Main Line	1. e4 c6 2. d4 d5 3. Nd2 dxe4 4. Nxe4
B16	Caro-Kann Defense: Bronstein-Larsen Variation	1. e4 c6 2. d4 d5 3. Nc3 dxe4 4. Nxe4 Nf6 5. Nxf6+ gxf6
B17	Caro-Kann Defense: Karpov Variation	1. e4 c6 2. d4 d5 3. Nd2 dxe4 4. Nxe4 Nd7
B18	Caro-Kann Defense: Classical Variation	1. e4 c6 2. d4 d5 3. Nd2 dxe4 4. Nxe4 Bf5
B18	Caro-Kann Defense: Classical Variation, Main Line	1. e4 c6 2. d4 d5 3. Nd2 dxe4 4. Nxe4 Bf5 5. Ng3 Bg6 6. h4
B20	Sicilian Defense	1. e4 c5
B20	Sicilian Defense: Bowdler Attack	1. e4 c5 2. Bc4
B20	Sicilian Defense: Wing Gambit	1. e4 c5 2. b4
B20	Sicilian Defense: King David's Opening	1. e4 c5 2. Ke2
B20	Sicilian Defense: Amazon Attack	1. e4 c5 2. Qg4
B20	Sicilian Defense: Brick Variation	1. e4 c5 2. Nh3
B20	Sicilian Defense: Czerniak Attack	1. e4 c5 2. b3
B20	Sicilian Defense: Grob Variation	1. e4 c5 2. g4
B20	Sicilian Defense: Keres Variation	1. e4 c5 2. Ne2
B20	Sicilian Defense: Kronberger Variation	1. e4 c5 2. Na3
B20	Sicilian Defense: Lasker-Dunne Attack	1. e4 c5 2. g3
B20	Sicilian Defense: Mengarini Variation	1. e4 c5 2. a3
B20	Sicilian Defense: Staunton-Cochrane Variation	1. e4 c5 2. c4
B20	Sicilian Defense: Czerniak Attack, Queen Fianchetto Variation	1. e4 c5 2. b3 b6
B21	Sicilian Defense: Smith-Morra Gambit	1. e4 c5 2. d4
B21	Sicilian Defense: McDonnell Attack	1. e4 c5 2. f4
B21	Sicilian Defense: Smith-Morra Gambit Accepted	1. e4 c5 2. d4 cxd4 3. c3 dxc3
B22	Sicilian Defense: Alapin Variation	1. e4 c5 2. c3
B22	Sicilian Defense: Alapin Variation, Barmen Defense	1. e4 c5 2. c3 d5 3. exd5 Qxd5
B23	Sicilian Defense: Closed	1. e4 c5 2. Nc3
B23	Sicilian Defense: Closed, Chameleon Variation	1. e4 c5 2. Nc3 Nc6 3. Nge2
B23	Sicilian Defense: Grand Prix Attack	1. e4 c5 2. Nc3 Nc6 3. f4
B23	Sicilian Defense: Closed, Traditional	1. e4 c5 2. Nc3 Nc6
B24	Sicilian Defense: Closed, Fianchetto Variation	1. e4 c5 2. Nc3 Nc6 3. g3
B27	Sicilian Defense: Hyperaccelerated Dragon	1. e4 c5 2. Nf3 g6
B27	Sicilian Defense: Bücker Variation	1. e4 c5 2. Nf3 h6
B27	Sicilian Defense: Jalalabad Variation	1. e4 c5 2. Nf3 e5
B27	Sicilian Defense: Katalimov Variation	1. e4 c5 2. Nf3 b6
B27	Sicilian Defense: Mongoose Variation	1. e4 c5 2. Nf3 Qa5
B27	Sicilian Defense: Quinteros Variation	1. e4 c5 2. Nf3 Qc7
B28	Sicilian Defense: O'Kelly Variation	1. e4 c5 2. Nf3 a6
B28	Sicilian Defense: O'Kelly Variation, Normal System	1. e4 c5 2. Nf3 a6 3. d4
B28	Sicilian Defense: O'Kelly Variation, Aronin System	1. e4 c5 2. Nf3 a6 3. Be2
B29	Sicilian Defense: Nimzowitsch Variation	1. e4 c5 2. Nf3 Nf6
B30	Sicilian Defense: Old Sicilian	1. e4 c5 2. Nf3 Nc6
B30	Sicilian Defense: Nyezhmetdinov-Rossolimo Attack	1. e4 c5 2. Nf3 Nc6 3. Bb5
B31	Sicilian Defense: Nyezhmetdinov-Rossolimo Attack, Fianchetto Variation	1. e4 c5 2. Nf3 Nc6 3. Bb5 g6
B32	Sicilian Defense: Accelerated Dragon	1. e4 c5 2. Nf3 Nc6 3. d4 cxd4 4. Nxd4 g6
B32	Sicilian Defense: Kalashnikov Variation	1. e4 c5 2. Nf3 Nc6 3. d4 cxd4 4. Nxd4 e5 5. Nb5 d6
B32	Sicilian Defense: Open	1. e4 c5 2. Nf3 Nc6 3. d4
B33	Sicilian Defense: Lasker-Pelikan Variation, Sveshnikov Variation	1. e4 c5 2. Nf3 Nc6 3. d4 cxd4 4. Nxd4 Nf6 5. Nc3 e5 6. Ndb5 d6 7. Bg5 a6 8. Na3 b5
B33	Sicilian Defense: Lasker-Pelikan Variation, Sveshnikov Variation, Chelyabinsk Variation	1. e4 c5 2. Nf3 Nc6 3. d4 cxd4 4. Nxd4 Nf6 5. Nc3 e5 6. Ndb5 d6 7. Bg5 a6 8. Na3 b5 9. Nd5
B36	Sicilian Defense: Accelerated Dragon, Maróczy Bind	1. e4 c5 2. Nf3 Nc6 3. d4 cxd4 4. Nxd4 g6 5. c4
B40	Sicilian Defense: French Variation	1. e4 c5 2. Nf3 e6
B40	Sicilian Defense: Kramnik Variation	1. e4 c5 2. Nf3 e6 3. c4
B41	Sicilian Defense: Kan Variation	1. e4 c5 2. Nf3 e6 3. d4 cxd4 4. Nxd4 a6
B41	Sicilian Defense: Kan Variation, Maróczy Bind, Réti Variation	1. e4 c5 2. Nf3 e6 3. d4 cxd4 4. Nxd4 a6 5. c4
B44	Sicilian Defense: Taimanov Variation	1. e4 c5 2. Nf3 e6 3. d4 cxd4 4. Nxd4 Nc6
B45	Sicilian Defense: Four Knights Variation	1. e4 c5 2. Nf3 e6 3. d4 cxd4 4. Nxd4 Nc6 5. Nc3 Nf6
B50	Sicilian Defense: Modern Variations	1. e4 c5 2. Nf3 d6
B50	Sicilian Defense: Kopec System	1. e4 c5 2. Nf3 d6 3. Bd3
B51	Sicilian Defense: Moscow Variation	1. e4 c5 2. Nf3 d6 3. Bb5+
B52	Sicilian Defense: Moscow Variation, Main Line	1. e4 c5 2. Nf3 d6 3. Bb5+ Bd7
B54	Sicilian Defense: Modern Variations, Main Line	1. e4 c5 2. Nf3 d6 3. d4 cxd4 4. Nxd4 Nf6
B56	Sicilian Defense: Classical Variation	1. e4 c5 2. Nf3 d6 3. d4 cxd4 4. Nxd4 Nf6 5. Nc3 Nc6
B57	Sicilian Defense: Classical Variation, Sozin Attack	1. e4 c5 2. Nf3 d6 3. d4 cxd4 4. Nxd4 Nf6 5. Nc3 Nc6 6. Bc4
B60	Sicilian Defense: Richter-Rauzer Variation	1. e4 c5 2. Nf3 d6 3. d4 cxd4 4. Nxd4 Nf6 5. Nc3 Nc6 6. Bg5
B70	Sicilian Defense: Dragon Variation	1. e4 c5 2. Nf3 d6 3. d4 cxd4 4. Nxd4 Nf6 5. Nc3 g6
B70	Sicilian Defense: Dragon Variation, Classical Variation	1. e4 c5 2. Nf3 d6 3. d4 cxd4 4. Nxd4 Nf6 5. Nc3 g6 6. Be2
B71	Sicilian Defense: Dragon Variation, Levenfish Variation	1. e4 c5 2. Nf3 d6 3. d4 cxd4 4. Nxd4 Nf6 5. Nc3 g6 6. f4
B76	Sicilian Defense: Dragon Variation, Yugoslav Attack	1. e4 c5 2. Nf3 d6 3. d4 cxd4 4. Nxd4 Nf6 5. Nc3 g6 6. Be3 Bg7 7. f3 O-O
B80	Sicilian Defense: Scheveningen Variation	1. e4 c5 2. Nf3 e6 3. d4 cxd4 4. Nxd4 Nf6 5. Nc3 d6
B81	Sicilian Defense: Scheveningen Variation, Keres Attack	1. e4 c5 2. Nf3 e6 3. d4 cxd4 4. Nxd4 Nf6 5. Nc3 d6 6. g4
B90	Sicilian Defense: Najdorf Variation	1. e4 c5 2. Nf3 d6 3. d4 cxd4 4. Nxd4 Nf6 5. Nc3 a6
B90	Sicilian Defense: Najdorf Variation, English Attack	1. e4 c5 2. Nf3 d6 3. d4 cxd4 4. Nxd4 Nf6 5. Nc3 a6 6. Be3
B90	Sicilian Defense: Najdorf Variation, Adams Attack	1. e4 c5 2. Nf3 d6 3. d4 cxd4 4. Nxd4 Nf6 5. Nc3 a6 6. h3
B92	Sicilian Defense: Najdorf Variation, Opocensky Variation	1. e4 c5 2. Nf3 d6 3. d4 cxd4 4. Nxd4 Nf6 5. Nc3 a6 6. Be2
B94	Sicilian Defense: Najdorf Variation	1. e4 c5 2. Nf3 d6 3. d4 cxd4 4. Nxd4 Nf6 5. Nc3 a6 6. Bg5
B97	Sicilian Defense: Najdorf Variation, Poisoned Pawn Variation	1. e4 c5 2. Nf3 d6 3. d4 cxd4 4. Nxd4 Nf6 5. Nc3 a6 6. Bg5 e6 7. f4 Qb6
C00	French Defense	1. e4 e6
C00	French Defense: King's Indian Attack	1. e4 e6 2. d3
C00	French Defense: Two Knights Variation	1. e4 e6 2. Nf3 d5 3. Nc3
C00	French Defense: Normal Variation	1. e4 e6 2. d4
C00	French Defense: Bird Invitation	1. e4 e6 2. Bb5
C00	French Defense: Chigorin Variation	1. e4 e6 2. Qe2
C00	French Defense: Horwitz Attack	1. e4 e6 2. b3
C00	French Defense: Knight Variation	1. e4 e6 2. Nf3
C00	French Defense: La Bourdonnais Variation	1. e4 e6 2. f4
C00	French Defense: Queen's Knight	1. e4 e6 2. Nc3
C00	French Defense: Réti-Spielmann Attack	1. e4 e6 2. g3
C00	French Defense: Steiner Variation	1. e4 e6 2. c4
C00	French Defense: Steinitz Attack	1. e4 e6 2. e5
C00	French Defense: Franco-Sicilian Defense	1. e4 e6 2. d4 c5
C00	French Defense: Mediterranean Defense	1. e4 e6 2. d4 Nf6
C00	French Defense: St. George Defense	1. e4 e6 2. d4 a6
C00	French Defense: Pelikan Variation	1. e4 e6 2. Nc3 d5 3. f4
C00	French Defense: Schlechter Variation	1. e4 e6 2. d4 d5 3. Bd3
C01	French Defense: Exchange Variation	1. e4 e6 2. d4 d5 3. exd5
C02	French Defense: Advance Variation	1. e4 e6 2. d4 d5 3. e5
C02	French Defense: Advance Variation, Milner-Barry Gambit	1. e4 e6 2. d4 d5 3. e5 c5 4. c3 Nc6 5. Nf3 Qb6 6. Bd3
C02	French Defense: Advance Variation, Nimzowitsch System	1. e4 e6 2. d4 d5 3. e5 c5 4. Nf3
C02	French Defense: Advance Variation, Paulsen Attack	1. e4 e6 2. d4 d5 3. e5 c5 4. c3 Nc6 5. Nf3
C02	French Defense: Advance Variation, Euwe Variation	1. e4 e6 2. d4 d5 3. e5 c5 4. c3 Nc6 5. Nf3 Bd7
C03	French Defense: Tarrasch Variation	1. e4 e6 2. d4 d5 3. Nd2
C03	French Defense: Tarrasch Variation, Guimard Defense	1. e4 e6 2. d4 d5 3. Nd2 Nc6
C03	French Defense: Tarrasch Variation, Modern System	1. e4 e6 2. d4 d5 3. Nd2 a6
C05	French Defense: Tarrasch Variation, Closed Variation	1. e4 e6 2. d4 d5 3. Nd2 Nf6
C07	French Defense: Tarrasch Variation, Open System	1. e4 e6 2. d4 d5 3. Nd2 c5
C09	French Defense: Tarrasch Variation, Open System, Main Line	1. e4 e6 2. d4 d5 3. Nd2 c5 4. exd5 exd5 5. Ngf3 Nc6
C10	French Defense: Rubinstein Variation	1. e4 e6 2. d4 d5 3. Nc3 dxe4
C10	French Defense: Rubinstein Variation, Fort Knox Variation	1. e4 e6 2. d4 d5 3. Nc3 dxe4 4. Nxe4 Bd7 5. Nf3 Bc6
C10	French Defense: Paulsen Variation	1. e4 e6 2. d4 d5 3. Nc3
C10	French Defense: Hecht-Reefschläger Variation	1. e4 e6 2. d4 d5 3. Nc3 Nc6
C11	French Defense: Classical Variation	1. e4 e6 2. d4 d5 3. Nc3 Nf6
C11	French Defense: Classical Variation, Steinitz Variation	1. e4 e6 2. d4 d5 3. Nc3 Nf6 4. e5
C11	French Defense: Classical Variation, Burn Variation	1. e4 e6 2. d4 d5 3. Nc3 Nf6 4. Bg5 dxe4
C11	French Defense: Classical Variation, Delayed Exchange Variation	1. e4 e6 2. d4 d5 3. Nc3 Nf6 4. exd5
C12	French Defense: McCutcheon Variation	1. e4 e6 2. d4 d5 3. Nc3 Nf6 4. Bg5 Bb4
C13	French Defense: Alekhine-Chatard Attack	1. e4 e6 2. d4 d5 3. Nc3 Nf6 4. Bg5 Be7 5. e5 Nfd7 6. h4
C13	French Defense: Classical Variation, Normal Variation	1. e4 e6 2. d4 d5 3. Nc3 Nf6 4. Bg5 Be7
C15	French Defense: Winawer Variation	1. e4 e6 2. d4 d5 3. Nc3 Bb4
C16	French Defense: Winawer Variation, Advance Variation	1. e4 e6 2. d4 d5 3. Nc3 Bb4 4. e5
C18	French Defense: Winawer Variation, Poisoned Pawn Variation	1. e4 e6 2. d4 d5 3. Nc3 Bb4 4. e5 c5 5. a3 Bxc3+ 6. bxc3 Ne7 7. Qg4 Qc7
C18	French Defense: Winawer Variation, Classical Variation	1. e4 e6 2. d4 d5 3. Nc3 Bb4 4. e5 c5 5. a3 Bxc3+ 6. bxc3 Qc7
C20	Center Game	1. e4 e5 2. d4
C21	Danish Gambit	1. e4 e5 2. d4 exd4 3. c3
C21	Center Game: Kieseritzky Variation	1. e4 e5 2. d4 exd4 3. Nf3
C21	Danish Gambit Accepted	1. e4 e5 2. d4 exd4 3. c3 dxc3
C21	Center Game Accepted	1. e4 e5 2. d4 exd4
C22	Center Game: Normal Variation	1. e4 e5 2. d4 exd4 3. Qxd4 Nc6
C23	Bishop's Opening	1. e4 e5 2. Bc4
C23	Bishop's Opening: Boi Variation	1. e4 e5 2. Bc4 Bc5
C23	Bishop's Opening: Calabrese Countergambit	1. e4 e5 2. Bc4 f5
C23	Bishop's Opening: Philidor Counterattack	1. e4 e5 2. Bc4 c6
C23	Bishop's Opening: Lopez Variation	1. e4 e5 2. Bc4 Bc5 3. Qe2
C23	Bishop's Opening: Philidor Variation	1. e4 e5 2. Bc4 Bc5 3. c3
C24	Bishop's Opening: Berlin Defense	1. e4 e5 2. Bc4 Nf6
C25	Vienna Game	1. e4 e5 2. Nc3
C25	Vienna Game: Max Lange Defense	1. e4 e5 2. Nc3 Nc6
C25	Vienna Game: Anderssen Defense	1. e4 e5 2. Nc3 Bc5
C25	Vienna Game: Giraffe Attack	1. e4 e5 2. Nc3 Bc5 3. Qg4
C25	Vienna Game: Hamppe-Meitner Variation	1. e4 e5 2. Nc3 Bc5 3. Na4
C25	Vienna Game: Paulsen Variation	1. e4 e5 2. Nc3 Nc6 3. g3
C25	Vienna Game: Philidor Countergambit	1. e4 e5 2. Nc3 Nc6 3. d4 f5
C25	Vienna Game: Zhuravlev Countergambit	1. e4 e5 2. Nc3 Bb4 3. Qg4 Nf6
C26	Vienna Game: Falkbeer Variation	1. e4 e5 2. Nc3 Nf6
C26	Vienna Game: Mengarini Variation	1. e4 e5 2. Nc3 Nf6 3. a3
C26	Vienna Game: Mieses Variation	1. e4 e5 2. Nc3 Nf6 3. g3
C26	Vienna Game: Stanley Variation	1. e4 e5 2. Nc3 Nf6 3. Bc4
C27	Vienna Game: Frankenstein-Dracula Variation	1. e4 e5 2. Nc3 Nf6 3. Bc4 Nxe4
C29	Vienna Game: Vienna Gambit	1. e4 e5 2. Nc3 Nf6 3. f4
C30	King's Gambit	1. e4 e5 2. f4
C30	King's Gambit Declined: Classical Variation	1. e4 e5 2. f4 Bc5
C31	King's Gambit Declined: Falkbeer Countergambit	1. e4 e5 2. f4 d5
C33	King's Gambit Accepted	1. e4 e5 2. f4 exf4
C33	King's Gambit Accepted: Bishop's Gambit	1. e4 e5 2. f4 exf4 3. Bc4
C34	King's Gambit Accepted: King's Knight's Gambit	1. e4 e5 2. f4 exf4 3. Nf3
C37	King's Gambit Accepted: Muzio Gambit, Wild Muzio Gambit	1. e4 e5 2. f4 exf4 3. Nf3 g5 4. Bc4 g4 5. O-O
C39	King's Gambit Accepted: Kieseritzky Gambit	1. e4 e5 2. f4 exf4 3. Nf3 g5 4. h4 g4 5. Ne5
C41	Philidor Defense	1. e4 e5 2. Nf3 d6
C41	Philidor Defense: Hanham Variation	1. e4 e5 2. Nf3 d6 3. d4 Nd7
C41	Philidor Defense: Lion Variation	1. e4 e5 2. Nf3 d6 3. d4 Nf6 4. Nc3 Nbd7
C41	Philidor Defense: Exchange Variation	1. e4 e5 2. Nf3 d6 3. d4 exd4
C41	Philidor Defense: Lopez Countergambit	1. e4 e5 2. Nf3 d6 3. Bc4 f5
C41	Philidor Defense: Nimzowitsch Variation	1. e4 e5 2. Nf3 d6 3. d4 Nf6
C41	Philidor Defense: Philidor Countergambit	1. e4 e5 2. Nf3 d6 3. d4 f5
C42	Petrov's Defense	1. e4 e5 2. Nf3 Nf6
C42	Petrov's Defense: Classical Attack	1. e4 e5 2. Nf3 Nf6 3. Nxe5 d6 4. Nf3 Nxe4 5. d4
C42	Petrov's Defense: Cochrane Gambit	1. e4 e5 2. Nf3 Nf6 3. Nxe5 d6 4. Nxf7
C42	Petrov's Defense: Stafford Gambit	1. e4 e5 2. Nf3 Nf6 3. Nxe5 Nc6
C42	Petrov's Defense: Italian Variation	1. e4 e5 2. Nf3 Nf6 3. Bc4
C42	Petrov's Defense: Three Knights Game	1. e4 e5 2. Nf3 Nf6 3. Nc3
C42	Petrov's Defense: Damiano Variation	1. e4 e5 2. Nf3 Nf6 3. Nxe5 Nxe4
C43	Petrov's Defense: Modern Attack, Steinitz Variation	1. e4 e5 2. Nf3 Nf6 3. d4 exd4 4. e5 Ne4 5. Qe2
C43	Petrov's Defense: Modern Attack	1. e4 e5 2. Nf3 Nf6 3. d4
C43	Petrov's Defense: Modern Attack, Symmetrical Variation	1. e4 e5 2. Nf3 Nf6 3. d4 d5
C44	Scotch Game	1. e4 e5 2. Nf3 Nc6 3. d4
C44	Scotch Game: Scotch Gambit	1. e4 e5 2. Nf3 Nc6 3. d4 exd4 4. Bc4
C44	Scotch Game: Göring Gambit	1. e4 e5 2. Nf3 Nc6 3. d4 exd4 4. c3
C44	Scotch Game: Lolli Variation	1. e4 e5 2. Nf3 Nc6 3. d4 Nxd4
C45	Scotch Game: Classical Variation	1. e4 e5 2. Nf3 Nc6 3. d4 exd4 4. Nxd4 Bc5
C45	Scotch Game: Mieses Variation	1. e4 e5 2. Nf3 Nc6 3. d4 exd4 4. Nxd4 Nf6 5. Nxc6 bxc6 6. e5
C47	Four Knights Game	1. e4 e5 2. Nf3 Nc6 3. Nc3 Nf6
C47	Four Knights Game: Scotch Variation	1. e4 e5 2. Nf3 Nc6 3. Nc3 Nf6 4. d4
C47	Four Knights Game: Glek System	1. e4 e5 2. Nf3 Nc6 3. Nc3 Nf6 4. g3
C47	Four Knights Game: Gunsberg Variation	1. e4 e5 2. Nf3 Nc6 3. Nc3 Nf6 4. a3
C47	Four Knights Game: Italian Variation	1. e4 e5 2. Nf3 Nc6 3. Bc4 Nf6 4. Nc3
C47	Four Knights Game: Naroditsky Variation	1. e4 e5 2. Nf3 Nc6 3. Nc3 Nf6 4. Nd5
C47	Four Knights Game: Scotch Variation Accepted	1. e4 e5 2. Nf3 Nc6 3. Nc3 Nf6 4. d4 exd4
C48	Four Knights Game: Spanish Variation	1. e4 e5 2. Nf3 Nc6 3. Nc3 Nf6 4. Bb5
C50	Italian Game	1. e4 e5 2. Nf3 Nc6 3. Bc4
C50	Italian Game: Giuoco Piano	1. e4 e5 2. Nf3 Nc6 3. Bc4 Bc5
C50	Italian Game: Giuoco Pianissimo	1. e4 e5 2. Nf3 Nc6 3. Bc4 Bc5 4. d3
C50	Italian Game: Hungarian Defense	1. e4 e5 2. Nf3 Nc6 3. Bc4 Be7
C50	Italian Game: Anti-Fried Liver Defense	1. e4 e5 2. Nf3 Nc6 3. Bc4 h6
C50	Italian Game: Paris Defense	1. e4 e5 2. Nf3 Nc6 3. Bc4 d6
C51	Italian Game: Evans Gambit	1. e4 e5 2. Nf3 Nc6 3. Bc4 Bc5 4. b4
C52	Italian Game: Evans Gambit, Main Line	1. e4 e5 2. Nf3 Nc6 3. Bc4 Bc5 4. b4 Bxb4 5. c3 Ba5
C53	Italian Game: Classical Variation	1. e4 e5 2. Nf3 Nc6 3. Bc4 Bc5 4. c3
C53	Italian Game: Classical Variation, Closed Variation	1. e4 e5 2. Nf3 Nc6 3. Bc4 Bc5 4. c3 Qe7
C55	Italian Game: Two Knights Defense	1. e4 e5 2. Nf3 Nc6 3. Bc4 Nf6
C55	Italian Game: Two Knights Defense, Modern Bishop's Opening	1. e4 e5 2. Nf3 Nc6 3. Bc4 Nf6 4. d3
C56	Italian Game: Scotch Gambit, Max Lange Attack	1. e4 e5 2. Nf3 Nc6 3. d4 exd4 4. Bc4 Nf6 5. O-O Bc5
C57	Italian Game: Two Knights Defense, Fried Liver Attack	1. e4 e5 2. Nf3 Nc6 3. Bc4 Nf6 4. Ng5 d5 5. exd5 Nxd5 6. Nxf7
C57	Italian Game: Two Knights Defense, Traxler Counterattack	1. e4 e5 2. Nf3 Nc6 3. Bc4 Nf6 4. Ng5 Bc5
C57	Italian Game: Two Knights Defense, Lolli Attack	1. e4 e5 2. Nf3 Nc6 3. Bc4 Nf6 4. Ng5 d5 5. exd5 Nxd5 6. d4
C58	Italian Game: Two Knights Defense, Polerio Defense	1. e4 e5 2. Nf3 Nc6 3. Bc4 Nf6 4. Ng5 d5 5. exd5 Na5
C60	Ruy Lopez	1. e4 e5 2. Nf3 Nc6 3. Bb5
C60	Ruy Lopez: Cozio Defense	1. e4 e5 2. Nf3 Nc6 3. Bb5 Nge7
C60	Ruy Lopez: Fianchetto Defense	1. e4 e5 2. Nf3 Nc6 3. Bb5 g6
C60	Ruy Lopez: Alapin Defense	1. e4 e5 2. Nf3 Nc6 3. Bb5 Bb4
C60	Ruy Lopez: Bulgarian Variation	1. e4 e5 2. Nf3 Nc6 3. Bb5 a5
C60	Ruy Lopez: Lucena Variation	1. e4 e5 2. Nf3 Nc6 3. Bb5 Be7
C60	Ruy Lopez: Nürnberg Variation	1. e4 e5 2. Nf3 Nc6 3. Bb5 f6
C60	Ruy Lopez: Pollock Defense	1. e4 e5 2. Nf3 Nc6 3. Bb5 Na5
C60	Ruy Lopez: Retreat Variation	1. e4 e5 2. Nf3 Nc6 3. Bb5 Nb8
C60	Ruy Lopez: Spanish Countergambit	1. e4 e5 2. Nf3 Nc6 3. Bb5 d5
C60	Ruy Lopez: Vinogradov Variation	1. e4 e5 2. Nf3 Nc6 3. Bb5 Qe7
C61	Ruy Lopez: Bird Variation	1. e4 e5 2. Nf3 Nc6 3. Bb5 Nd4
C62	Ruy Lopez: Steinitz Defense	1. e4 e5 2. Nf3 Nc6 3. Bb5 d6
C63	Ruy Lopez: Schliemann Defense	1. e4 e5 2. Nf3 Nc6 3. Bb5 f5
C64	Ruy Lopez: Classical Variation	1. e4 e5 2. Nf3 Nc6 3. Bb5 Bc5
C64	Ruy Lopez: Classical Variation, Modern Main Line	1. e4 e5 2. Nf3 Nc6 3. Bb5 Nf6 4. O-O Bc5 5. c3 O-O 6. d4 Bb6 7. Bg5
C65	Ruy Lopez: Berlin Defense	1. e4 e5 2. Nf3 Nc6 3. Bb5 Nf6
C67	Ruy Lopez: Berlin Defense, Rio Gambit Accepted	1. e4 e5 2. Nf3 Nc6 3. Bb5 Nf6 4. O-O Nxe4
C67	Ruy Lopez: Berlin Defense, Berlin Wall	1. e4 e5 2. Nf3 Nc6 3. Bb5 Nf6 4. O-O Nxe4 5. d4 Nd6 6. Bxc6 dxc6 7. dxe5 Nf5 8. Qxd8+ Kxd8 9. Nc3 Bd7
C67	Ruy Lopez: Berlin Defense, l'Hermet Variation	1. e4 e5 2. Nf3 Nc6 3. Bb5 Nf6 4. O-O Nxe4 5. d4 Nd6
C68	Ruy Lopez: Exchange Variation	1. e4 e5 2. Nf3 Nc6 3. Bb5 a6 4. Bxc6
C70	Ruy Lopez: Morphy Defense	1. e4 e5 2. Nf3 Nc6 3. Bb5 a6
C70	Ruy Lopez: Morphy Defense, Norwegian Variation	1. e4 e5 2. Nf3 Nc6 3. Bb5 a6 4. Ba4 b5 5. Bb3 Na5
C71	Ruy Lopez: Morphy Defense, Modern Steinitz Defense	1. e4 e5 2. Nf3 Nc6 3. Bb5 a6 4. Ba4 d6
C78	Ruy Lopez: Morphy Defense, Arkhangelsk Variation	1. e4 e5 2. Nf3 Nc6 3. Bb5 a6 4. Ba4 Nf6 5. O-O b5 6. Bb3 Bb7
C80	Ruy Lopez: Open	1. e4 e5 2. Nf3 Nc6 3. Bb5 a6 4. Ba4 Nf6 5. O-O Nxe4
C84	Ruy Lopez: Closed	1. e4 e5 2. Nf3 Nc6 3. Bb5 a6 4. Ba4 Nf6 5. O-O Be7
C85	Ruy Lopez: Closed, Delayed Exchange	1. e4 e5 2. Nf3 Nc6 3. Bb5 a6 4. Ba4 Nf6 5. O-O Be7 6. Bxc6
C88	Ruy Lopez: Closed, Anti-Marshall	1. e4 e5 2. Nf3 Nc6 3. Bb5 a6 4. Ba4 Nf6 5. O-O Be7 6. Re1 b5 7. Bb3 O-O 8. a4
C89	Ruy Lopez: Marshall Attack	1. e4 e5 2. Nf3 Nc6 3. Bb5 a6 4. Ba4 Nf6 5. O-O Be7 6. Re1 b5 7. Bb3 O-O 8. c3 d5
C92	Ruy Lopez: Closed, Zaitsev System	1. e4 e5 2. Nf3 Nc6 3. Bb5 a6 4. Ba4 Nf6 5. O-O Be7 6. Re1 b5 7. Bb3 d6 8. c3 O-O 9. h3 Re8
C92	Ruy Lopez: Closed, Karpov Variation	1. e4 e5 2. Nf3 Nc6 3. Bb5 a6 4. Ba4 Nf6 5. O-O Be7 6. Re1 b5 7. Bb3 d6 8. c3 O-O 9. h3 Nd7
C93	Ruy Lopez: Closed, Smyslov Defense	1. e4 e5 2. Nf3 Nc6 3. Bb5 a6 4. Ba4 Nf6 5. O-O Be7 6. Re1 b5 7. Bb3 d6 8. c3 O-O 9. h3 h6
C94	Ruy Lopez: Closed, Breyer Defense	1. e4 e5 2. Nf3 Nc6 3. Bb5 a6 4. Ba4 Nf6 5. O-O Be7 6. Re1 b5 7. Bb3 d6 8. c3 O-O 9. h3 Nb8
C97	Ruy Lopez: Closed, Chigorin Defense	1. e4 e5 2. Nf3 Nc6 3. Bb5 a6 4. Ba4 Nf6 5. O-O Be7 6. Re1 b5 7. Bb3 d6 8. c3 O-O 9. h3 Na5
D00	Blackmar-Diemer Gambit	1. d4 d5 2. e4
D00	Blackmar-Diemer Gambit Accepted	1. d4 d5 2. e4 dxe4 3. Nc3 Nf6 4. f3 exf3
D00	Queen's Pawn Game: Accelerated London System	1. d4 d5 2. Bf4
D00	Queen's Pawn Game: Stonewall Attack	1. d4 d5 2. e3 Nf6 3. Bd3
D00	Queen's Pawn Game: Chigorin Variation	1. d4 d5 2. Nc3
D00	Queen's Pawn Game: Levitsky Attack	1. d4 d5 2. Bg5
D00	Queen's Pawn Game: Mason Attack	1. d4 d5 2. f4
D00	Queen's Pawn Game: Accelerated London System, Steinitz Countergambit	1. d4 d5 2. Bf4 c5
D00	Queen's Pawn Game: Accelerated London System, Steinitz Countergambit Accepted	1. d4 d5 2. Bf4 c5 3. dxc5
D00	Queen's Pawn Game: Chigorin Variation, Alburt Defense	1. d4 d5 2. Nc3 Bf5
D00	Queen's Pawn Game: Chigorin Variation, Anti-Veresov	1. d4 d5 2. Nc3 Bg4
D00	Queen's Pawn Game: Chigorin Variation, Shropshire Defense	1. d4 d5 2. Nc3 h5
D00	Blackmar-Diemer Gambit: Blackmar Gambit	1. d4 d5 2. e4 dxe4 3. f3
D00	Blackmar-Diemer Gambit: Diemer-Rosenberg Attack	1. d4 d5 2. e4 dxe4 3. Be3
D00	Blackmar-Diemer Gambit: Fritz Attack	1. d4 d5 2. e4 dxe4 3. Bc4
D01	Rapport-Jobava System	1. d4 d5 2. Nc3 Nf6 3. Bf4
D01	Richter-Veresov Attack	1. d4 Nf6 2. Nc3 d5 3. Bg5
D01	Richter-Veresov Attack: Two Knights System	1. d4 Nf6 2. Nc3 d5 3. Bg5 Nbd7 4. Nf3
D01	Richter-Veresov Attack: Boyce Defense	1. d4 Nf6 2. Nc3 d5 3. Bg5 Ne4
D01	Richter-Veresov Attack: Richter Variation	1. d4 Nf6 2. Nc3 d5 3. Bg5 Bf5 4. f3
D01	Richter-Veresov Attack: Veresov Variation	1. d4 Nf6 2. Nc3 d5 3. Bg5 Bf5 4. Bxf6
D01	Richter-Veresov Attack: Two Knights System, Grünfeld Defense	1. d4 Nf6 2. Nc3 d5 3. Bg5 Nbd7 4. Nf3 g6
D02	Queen's Pawn Game: London System	1. d4 d5 2. Nf3 Nf6 3. Bf4
D02	London System: Poisoned Pawn Variation	1. d4 Nf6 2. Nf3 d5 3. Bf4 c5 4. e3 Qb6 5. Nc3
D02	Queen's Pawn Game: Zukertort Variation	1. d4 d5 2. Nf3
D02	Queen's Pawn Game: Anti-Torre	1. Nf3 d5 2. d4 Bg4
D02	Queen's Pawn Game: Krause Variation	1. d4 d5 2. Nf3 c5
D02	Queen's Pawn Game: Symmetrical Variation	1. d4 d5 2. Nf3 Nf6
D03	Queen's Pawn Game: Torre Attack	1. d4 d5 2. Nf3 Nf6 3. Bg5
D04	Queen's Pawn Game: Colle System	1. d4 d5 2. Nf3 Nf6 3. e3
D06	Queen's Gambit	1. d4 d5 2. c4
D06	Queen's Gambit Declined: Austrian Defense	1. d4 d5 2. c4 c5
D06	Queen's Gambit Declined: Baltic Defense	1. d4 d5 2. c4 Bf5
D06	Queen's Gambit Declined: Marshall Defense	1. d4 d5 2. c4 Nf6
D06	Queen's Gambit Declined: Zilbermints Gambit	1. d4 d5 2. c4 b5
D07	Queen's Gambit Declined: Chigorin Defense	1. d4 d5 2. c4 Nc6
D07	Queen's Gambit Declined: Chigorin Defense, Main Line	1. d4 d5 2. c4 Nc6 3. Nf3 Bg4
D08	Queen's Gambit Declined: Albin Countergambit	1. d4 d5 2. c4 e5
D08	Queen's Gambit Declined: Albin Countergambit, Normal Line	1. d4 d5 2. c4 e5 3. dxe5 d4 4. Nf3
D10	Slav Defense	1. d4 d5 2. c4 c6
D10	Slav Defense: Exchange Variation	1. d4 d5 2. c4 c6 3. cxd5
D10	Slav Defense: Winawer Countergambit	1. d4 d5 2. c4 c6 3. Nc3 e5
D10	Slav Defense: Diemer Gambit	1. d4 d5 2. c4 c6 3. e4
D10	Slav Defense: Exchange Variation, Boor Attack	1. d4 d5 2. c4 c6 3. cxd5 cxd5 4. Nc3 Nf6 5. f3
D11	Slav Defense: Modern Line	1. d4 d5 2. c4 c6 3. Nf3
D11	Slav Defense: Breyer Variation	1. d4 d5 2. c4 c6 3. Nf3 Nf6 4. Nbd2
D11	Slav Defense: Quiet Variation	1. d4 d5 2. c4 c6 3. Nf3 Nf6 4. e3
D12	Slav Defense: Quiet Variation, Schallopp Defense	1. d4 d5 2. c4 c6 3. Nf3 Nf6 4. e3 Bf5
D15	Slav Defense: Geller Gambit	1. d4 d5 2. c4 c6 3. Nf3 Nf6 4. Nc3 dxc4 5. e4
D15	Slav Defense: Three Knights Variation	1. d4 d5 2. c4 c6 3. Nf3 Nf6 4. Nc3
D15	Slav Defense: Chebanenko Variation	1. d4 d5 2. c4 c6 3. Nf3 Nf6 4. Nc3 a6
D15	Slav Defense: Two Knights Attack	1. d4 d5 2. c4 c6 3. Nf3 Nf6 4. Nc3 dxc4
D15	Slav Defense: Schlechter Variation	1. d4 d5 2. c4 c6 3. Nf3 Nf6 4. Nc3 g6
D15	Slav Defense: Süchting Variation	1. d4 d5 2. c4 c6 3. Nf3 Nf6 4. Nc3 Qb6
D15	Slav Defense: Alekhine Variation	1. d4 d5 2. c4 c6 3. Nf3 Nf6 4. Nc3 dxc4 5. e3
D15	Slav Defense: Chebanenko Variation, Advance System	1. d4 d5 2. c4 c6 3. Nf3 Nf6 4. Nc3 a6 5. c5
D16	Slav Defense: Alapin Variation	1. d4 d5 2. c4 c6 3. Nf3 Nf6 4. Nc3 dxc4 5. a4
D17	Slav Defense: Czech Variation	1. d4 d5 2. c4 c6 3. Nf3 Nf6 4. Nc3 dxc4 5. a4 Bf5
D18	Slav Defense: Czech Variation, Classical System	1. d4 d5 2. c4 c6 3. Nf3 Nf6 4. Nc3 dxc4 5. a4 Bf5 6. e3
D20	Queen's Gambit Accepted	1. d4 d5 2. c4 dxc4
D20	Queen's Gambit Accepted: Old Variation	1. d4 d5 2. c4 dxc4 3. e3
D20	Queen's Gambit Accepted: Central Variation, Alekhine System	1. d4 d5 2. c4 dxc4 3. e4 Nf6
D20	Queen's Gambit Accepted: Accelerated Mannheim Variation	1. d4 d5 2. c4 dxc4 3. Qa4+
D20	Queen's Gambit Accepted: Saduleto Variation	1. d4 d5 2. c4 dxc4 3. e4
D20	Queen's Gambit Accepted: Schwartz Defense	1. d4 d5 2. c4 dxc4 3. e4 f5
D21	Queen's Gambit Accepted: Normal Variation	1. d4 d5 2. c4 dxc4 3. Nf3
D21	Queen's Gambit Accepted: Godes Variation	1. d4 d5 2. c4 dxc4 3. Nf3 Nd7
D21	Queen's Gambit Accepted: Gunsberg Defense	1. d4 d5 2. c4 dxc4 3. Nf3 c5
D21	Queen's Gambit Accepted: Rosenthal Variation	1. d4 d5 2. c4 dxc4 3. Nf3 e6
D21	Queen's Gambit Accepted: Slav Gambit	1. d4 d5 2. c4 dxc4 3. Nf3 b5
D22	Queen's Gambit Accepted: Alekhine Defense	1. d4 d5 2. c4 dxc4 3. Nf3 a6
D26	Queen's Gambit Accepted: Classical Defense	1. d4 d5 2. c4 dxc4 3. Nf3 Nf6 4. e3 e6 5. Bxc4 c5
D26	Queen's Gambit Accepted: Normal Variation, Traditional System	1. d4 d5 2. c4 dxc4 3. Nf3 Nf6 4. e3 e6
D27	Queen's Gambit Accepted: Classical Defense, Main Line	1. d4 d5 2. c4 dxc4 3. Nf3 Nf6 4. e3 e6 5. Bxc4 c5 6. O-O a6
D30	Queen's Gambit Declined	1. d4 d5 2. c4 e6
D30	Queen's Gambit Declined	1. d4 e6 2. c4 d5
D30	Queen's Gambit Declined: Vienna Variation	1. d4 Nf6 2. c4 e6 3. Nf3 d5 4. Bg5 Bb4+
D30	Queen's Gambit Declined: Traditional Variation	1. d4 Nf6 2. c4 e6 3. Nf3 d5 4. Bg5
D30	Semi-Slav Defense: Quiet Variation	1. d4 d5 2. c4 c6 3. Nf3 Nf6 4. e3 e6 5. Nbd2
D31	Semi-Slav Defense: Noteboom Variation	1. d4 d5 2. c4 e6 3. Nc3 c6 4. Nf3 dxc4
D31	Queen's Gambit Declined: Janowski Variation	1. d4 d5 2. c4 e6 3. Nc3 a6
D31	Semi-Slav Defense: Accelerated Move Order	1. d4 d5 2. c4 e6 3. Nc3 c6
D31	Queen's Gambit Declined: Queen's Knight Variation	1. d4 d5 2. c4 e6 3. Nc3
D31	Queen's Gambit Declined: Alapin Variation	1. d4 e6 2. c4 b6 3. Nc3 d5
D31	Queen's Gambit Declined: Charousek Variation	1. d4 d5 2. c4 e6 3. Nc3 Be7
D32	Tarrasch Defense	1. d4 d5 2. c4 e6 3. Nc3 c5
D32	Tarrasch Defense: Schara Gambit	1. d4 d5 2. c4 e6 3. Nc3 c5 4. cxd5 cxd4
D32	Tarrasch Defense: Two Knights Variation	1. d4 d5 2. c4 e6 3. Nc3 c5 4. cxd5 exd5 5. Nf3
D33	Tarrasch Defense: Rubinstein System	1. d4 d5 2. c4 e6 3. Nc3 c5 4. cxd5 exd5 5. Nf3 Nc6 6. g3
D35	Queen's Gambit Declined: Exchange Variation	1. d4 Nf6 2. c4 e6 3. Nc3 d5 4. cxd5
D35	Queen's Gambit Declined: Harrwitz Attack	1. d4 d5 2. c4 e6 3. Nc3 Nf6 4. Bf4
D35	Queen's Gambit Declined: Normal Defense	1. d4 d5 2. c4 e6 3. Nc3 Nf6
D38	Queen's Gambit Declined: Ragozin Defense	1. d4 Nf6 2. c4 e6 3. Nf3 d5 4. Nc3 Bb4
D40	Queen's Gambit Declined: Semi-Tarrasch Defense	1. d4 Nf6 2. c4 e6 3. Nf3 d5 4. Nc3 c5
D43	Semi-Slav Defense	1. d4 d5 2. c4 c6 3. Nf3 Nf6 4. Nc3 e6
D43	Semi-Slav Defense: Anti-Moscow Gambit	1. d4 d5 2. c4 c6 3. Nf3 Nf6 4. Nc3 e6 5. Bg5 h6 6. Bh4
D43	Semi-Slav Defense: Moscow Variation	1. d4 d5 2. c4 c6 3. Nf3 Nf6 4. Nc3 e6 5. Bg5 h6 6. Bxf6 Qxf6
D44	Semi-Slav Defense: Botvinnik Variation	1. d4 d5 2. c4 c6 3. Nf3 Nf6 4. Nc3 e6 5. Bg5 dxc4 6. e4
D44	Semi-Slav Defense Accepted	1. d4 d5 2. c4 c6 3. Nf3 Nf6 4. Nc3 e6 5. Bg5 dxc4
D45	Semi-Slav Defense: Main Line	1. d4 d5 2. c4 c6 3. Nc3 Nf6 4. e3 e6 5. Nf3
D45	Semi-Slav Defense: Normal Variation	1. d4 d5 2. c4 c6 3. Nc3 Nf6 4. e3 e6 5. Nf3 Nbd7
D45	Semi-Slav Defense: Rubinstein System	1. d4 d5 2. c4 e6 3. Nc3 c6 4. Nf3 Nf6 5. e3 Nbd7 6. Ne5
D47	Semi-Slav Defense: Meran Variation	1. d4 d5 2. c4 c6 3. Nc3 Nf6 4. e3 e6 5. Nf3 Nbd7 6. Bd3 dxc4 7. Bxc4 b5
D47	Semi-Slav Defense: Meran Variation, Wade Variation	1. d4 d5 2. c4 c6 3. Nc3 Nf6 4. e3 e6 5. Nf3 Nbd7 6. Bd3 dxc4 7. Bxc4 b5 8. Bd3 Bb7
D48	Semi-Slav Defense: Meran Variation, Reynolds' Variation	1. d4 d5 2. c4 c6 3. Nf3 Nf6 4. Nc3 e6 5. e3 Nbd7 6. Bd3 dxc4 7. Bxc4 b5 8. Bd3 a6 9. e4 c5 10. d5
D50	Queen's Gambit Declined: Modern Variation	1. d4 d5 2. c4 e6 3. Nc3 Nf6 4. Bg5
D52	Queen's Gambit Declined: Cambridge Springs Defense	1. d4 d5 2. c4 c6 3. Nf3 Nf6 4. Nc3 e6 5. Bg5 Nbd7 6. e3 Qa5
D53	Queen's Gambit Declined: Lasker Defense	1. d4 Nf6 2. c4 e6 3. Nc3 d5 4. Bg5 Be7 5. e3 Ne4
D58	Queen's Gambit Declined: Tartakower Defense	1. d4 Nf6 2. c4 e6 3. Nf3 d5 4. Nc3 Be7 5. Bg5 h6 6. Bh4 O-O 7. e3 b6
D60	Queen's Gambit Declined: Orthodox Defense	1. d4 Nf6 2. c4 e6 3. Nf3 d5 4. Nc3 Be7 5. Bg5 O-O 6. e3 Nbd7
D61	Queen's Gambit Declined: Orthodox Defense, Rubinstein Variation	1. d4 d5 2. c4 e6 3. Nc3 Nf6 4. Bg5 Be7 5. e3 O-O 6. Nf3 Nbd7 7. Qc2
D70	Neo-Grünfeld Defense: Goglidze Attack	1. d4 Nf6 2. c4 g6 3. f3 d5
D71	Neo-Grünfeld Defense: Exchange Variation	1. d4 Nf6 2. c4 g6 3. g3 Bg7 4. Bg2 d5 5. cxd5 Nxd5
D77	Neo-Grünfeld Defense: Classical Variation	1. d4 Nf6 2. Nf3 g6 3. g3 Bg7 4. Bg2 O-O 5. O-O d5 6. c4
D77	Neo-Grünfeld Defense: Classical Variation, Modern Defense	1. d4 Nf6 2. Nf3 g6 3. g3 Bg7 4. Bg2 O-O 5. O-O d5 6. c4 dxc4
D80	Grünfeld Defense	1. d4 Nf6 2. c4 g6 3. Nc3 d5
D80	Grünfeld Defense: Lutikov Variation	1. d4 Nf6 2. c4 g6 3. Nc3 d5 4. f3
D80	Grünfeld Defense: Stockholm Variation	1. d4 Nf6 2. c4 g6 3. Nc3 d5 4. Bg5
D81	Grünfeld Defense: Russian Variation, Accelerated Variation	1. d4 Nf6 2. c4 g6 3. Nc3 d5 4. Qb3
D82	Grünfeld Defense: Brinckmann Attack	1. d4 Nf6 2. c4 g6 3. Nc3 d5 4. Bf4
D85	Grünfeld Defense: Exchange Variation	1. d4 Nf6 2. c4 g6 3. Nc3 d5 4. cxd5 Nxd5
D85	Grünfeld Defense: Exchange Variation, Nadanian Attack	1. d4 Nf6 2. c4 g6 3. Nc3 d5 4. cxd5 Nxd5 5. Na4
D86	Grünfeld Defense: Exchange Variation, Classical Variation	1. d4 Nf6 2. c4 g6 3. Nc3 d5 4. cxd5 Nxd5 5. e4 Nxc3 6. bxc3 Bg7 7. Bc4
D90	Grünfeld Defense: Three Knights Variation	1. d4 Nf6 2. c4 g6 3. Nc3 d5 4. Nf3
D90	Grünfeld Defense: Flohr Variation	1. d4 Nf6 2. c4 g6 3. Nc3 d5 4. Nf3 Bg7 5. Qa4+
D91	Grünfeld Defense: Three Knights Variation, Petrosian System	1. d4 Nf6 2. c4 g6 3. Nc3 d5 4. Nf3 Bg7 5. Bg5
D96	Grünfeld Defense: Russian Variation	1. d4 Nf6 2. c4 g6 3. Nc3 d5 4. Nf3 Bg7 5. Qb3
D98	Grünfeld Defense: Russian Variation, Smyslov Variation	1. d4 Nf6 2. c4 g6 3. Nc3 d5 4. Nf3 Bg7 5. Qb3 dxc4 6. Qxc4 O-O 7. e4 Bg4
E00	Catalan Opening	1. d4 Nf6 2. c4 e6 3. g3
E00	Catalan Opening: Hungarian Gambit	1. d4 Nf6 2. c4 e6 3. g3 e5
E01	Catalan Opening: Open Defense	1. d4 Nf6 2. c4 e6 3. g3 d5 4. Bg2
E01	Catalan Opening: Tarrasch Defense	1. d4 Nf6 2. c4 e6 3. g3 d5 4. Bg2 c5 5. Nf3 Nc6
E04	Catalan Opening: Open Defense, Modern Sharp Variation	1. d4 Nf6 2. c4 e6 3. g3 d5 4. Bg2 dxc4 5. Nf3 Nc6 6. Qa4 Bb4+
E05	Catalan Opening: Open Defense, Classical Line	1. d4 Nf6 2. c4 e6 3. g3 d5 4. Bg2 dxc4 5. Nf3 Be7
E06	Catalan Opening: Closed	1. d4 Nf6 2. c4 e6 3. g3 d5 4. Bg2 Be7 5. Nf3
E09	Catalan Opening: Closed, Main Line	1. d4 Nf6 2. c4 e6 3. Nf3 d5 4. g3 Be7 5. Bg2 O-O 6. O-O Nbd7 7. Qc2 c6 8. Nbd2
E10	Blumenfeld Countergambit	1. d4 Nf6 2. c4 e6 3. Nf3 c5 4. d5 b5
E10	Blumenfeld Countergambit: Duz-Khotimirsky Variation	1. d4 Nf6 2. c4 e6 3. Nf3 c5 4. d5 b5 5. Bg5
E10	Blumenfeld Countergambit Accepted	1. d4 Nf6 2. c4 e6 3. Nf3 c5 4. d5 b5 5. dxe6 fxe6 6. cxb5 d5
E11	Bogo-Indian Defense	1. d4 Nf6 2. c4 e6 3. Nf3 Bb4+
E11	Bogo-Indian Defense: Nimzowitsch Variation	1. d4 Nf6 2. c4 e6 3. Nf3 Bb4+ 4. Bd2 Qe7
E11	Bogo-Indian Defense: Grünfeld Variation	1. d4 Nf6 2. c4 e6 3. Nf3 Bb4+ 4. Nbd2
E11	Bogo-Indian Defense: Wade-Smyslov Variation	1. d4 Nf6 2. c4 e6 3. Nf3 Bb4+ 4. Bd2 a5
E11	Bogo-Indian Defense: Exchange Variation	1. d4 Nf6 2. c4 e6 3. Nf3 Bb4+ 4. Bd2 Bxd2+
E11	Bogo-Indian Defense: New England Variation	1. d4 Nf6 2. c4 e6 3. Nf3 Bb4+ 4. Nfd2
E11	Bogo-Indian Defense: Haiti Variation	1. d4 Nf6 2. c4 e6 3. Nf3 Bb4+ 4. Bd2 Nc6
E11	Bogo-Indian Defense: Retreat Variation	1. d4 Nf6 2. c4 e6 3. Nf3 Bb4+ 4. Bd2 Be7
E11	Bogo-Indian Defense: Vitolins Variation	1. d4 Nf6 2. c4 e6 3. Nf3 Bb4+ 4. Bd2 c5
E12	Queen's Indian Defense	1. d4 Nf6 2. c4 e6 3. Nf3 b6
E12	Queen's Indian Defense: Petrosian Variation	1. d4 Nf6 2. c4 e6 3. Nf3 b6 4. a3
E12	Queen's Indian Defense: Kasparov-Petrosian Variation	1. d4 Nf6 2. c4 e6 3. Nf3 b6 4. a3 Bb7 5. Nc3
E12	Queen's Indian Defense: Petrosian Variation, Farago Defense	1. d4 Nf6 2. c4 e6 3. Nf3 b6 4. a3 Ba6 5. Qc2 Bb7
E12	Queen's Indian Defense: Kasparov Variation	1. d4 Nf6 2. c4 e6 3. Nf3 b6 4. Nc3
E12	Queen's Indian Defense: Miles Variation	1. d4 Nf6 2. c4 e6 3. Nf3 b6 4. Bf4
E12	Queen's Indian Defense: Kasparov-Petrosian Variation, Main Line	1. d4 Nf6 2. c4 e6 3. Nf3 b6 4. a3 Bb7 5. Nc3 d5
E14	Queen's Indian Defense: Spassky System	1. d4 Nf6 2. c4 e6 3. Nf3 b6 4. e3
E15	Queen's Indian Defense: Fianchetto Variation	1. d4 Nf6 2. c4 e6 3. Nf3 b6 4. g3
E15	Queen's Indian Defense: Fianchetto Variation, Traditional Line	1. d4 Nf6 2. c4 e6 3. Nf3 b6 4. g3 Bb7
E15	Queen's Indian Defense: Fianchetto Variation, Nimzowitsch Variation	1. d4 Nf6 2. c4 e6 3. Nf3 b6 4. g3 Ba6
E15	Queen's Indian Defense: Fianchetto Variation, Check Variation	1. d4 Nf6 2. c4 e6 3. Nf3 b6 4. g3 Ba6 5. b3 Bb4+
E15	Queen's Indian Defense: Fianchetto Variation, Sämisch Variation	1. d4 Nf6 2. c4 e6 3. Nf3 b6 4. g3 Bb7 5. Bg2 c5
E15	Queen's Indian Defense: Fianchetto Variation, Nimzowitsch Variation, Nimzowitsch Attack	1. d4 Nf6 2. c4 e6 3. Nf3 b6 4. g3 Ba6 5. Qa4
E15	Queen's Indian Defense: Fianchetto Variation, Nimzowitsch Variation, Quiet Line	1. d4 Nf6 2. c4 e6 3. Nf3 b6 4. g3 Ba6 5. b3
E15	Queen's Indian Defense: Fianchetto Variation, Nimzowitsch Variation, Timman's Line	1. d4 Nf6 2. c4 e6 3. Nf3 b6 4. g3 Ba6 5. Qb3
E16	Queen's Indian Defense: Capablanca Variation	1. d4 Nf6 2. c4 e6 3. Nf3 b6 4. g3 Bb7 5. Bg2 Bb4+
E17	Queen's Indian Defense: Classical Variation	1. d4 Nf6 2. c4 e6 3. Nf3 b6 4. g3 Bb7 5. Bg2 Be7 6. O-O
E17	Queen's Indian Defense: Traditional Variation	1. d4 Nf6 2. c4 e6 3. Nf3 b6 4. g3 Bb7 5. Bg2 Be7
E17	Queen's Indian Defense: Anti-Queen's Indian System	1. d4 Nf6 2. c4 e6 3. Nf3 b6 4. g3 Bb7 5. Bg2 Be7 6. Nc3
E18	Queen's Indian Defense: Classical Variation, Traditional Variation	1. d4 Nf6 2. c4 e6 3. Nf3 b6 4. g3 Bb7 5. Bg2 Be7 6. O-O O-O 7. Nc3
E20	Nimzo-Indian Defense	1. d4 Nf6 2. c4 e6 3. Nc3 Bb4
E20	Nimzo-Indian Defense: Kmoch Variation	1. d4 Nf6 2. c4 e6 3. Nc3 Bb4 4. f3
E20	Nimzo-Indian Defense: Romanishin Variation	1. d4 Nf6 2. c4 e6 3. Nc3 Bb4 4. g3
E20	Nimzo-Indian Defense: Mikenas Attack	1. d4 Nf6 2. c4 e6 3. Nc3 Bb4 4. Qd3
E20	Nimzo-Indian Defense: Dilworth Gambit	1. d4 Nf6 2. c4 e6 3. Nc3 Bb4 4. e4
E21	Nimzo-Indian Defense: Three Knights Variation	1. d4 Nf6 2. c4 e6 3. Nc3 Bb4 4. Nf3
E21	Nimzo-Indian Defense: Three Knights Variation, Korchnoi Variation	1. d4 Nf6 2. c4 e6 3. Nc3 Bb4 4. Nf3 c5 5. d5
E22	Nimzo-Indian Defense: Spielmann Variation	1. d4 Nf6 2. c4 e6 3. Nc3 Bb4 4. Qb3
E24	Nimzo-Indian Defense: Sämisch Variation	1. d4 Nf6 2. c4 e6 3. Nc3 Bb4 4. a3
E24	Nimzo-Indian Defense: Sämisch Variation, Botvinnik Variation	1. d4 Nf6 2. c4 e6 3. Nc3 Bb4 4. f3 d5 5. a3 Bxc3+ 6. bxc3 c5 7. e3 O-O 8. cxd5 Nxd5
E30	Nimzo-Indian Defense: Leningrad Variation	1. d4 Nf6 2. c4 e6 3. Nc3 Bb4 4. Bg5
E32	Nimzo-Indian Defense: Classical Variation	1. d4 Nf6 2. c4 e6 3. Nc3 Bb4 4. Qc2
E33	Nimzo-Indian Defense: Classical Variation, Zurich Variation	1. d4 Nf6 2. c4 e6 3. Nc3 Bb4 4. Qc2 Nc6
E33	Nimzo-Indian Defense: Classical Variation, Milner-Barry Variation	1. d4 Nf6 2. c4 e6 3. Nc3 Bb4 4. Qc2 Nc6 5. Nf3 d6
E34	Nimzo-Indian Defense: Classical Variation, Noa Variation	1. d4 Nf6 2. c4 e6 3. Nc3 Bb4 4. Qc2 d5
E36	Nimzo-Indian Defense: Classical Variation, Noa Variation, Main Line	1. d4 Nf6 2. c4 e6 3. Nc3 Bb4 4. Qc2 d5 5. a3 Bxc3+ 6. Qxc3 Ne4
E38	Nimzo-Indian Defense: Classical Variation, Berlin Variation	1. d4 Nf6 2. c4 e6 3. Nc3 Bb4 4. Qc2 c5
E38	Nimzo-Indian Defense: Classical Variation, Berlin Variation, Steiner Variation	1. d4 Nf6 2. c4 e6 3. Nc3 Bb4 4. Qc2 c5 5. dxc5 Bxc3+
E39	Nimzo-Indian Defense: Classical Variation, Berlin Variation, Pirc Variation	1. d4 Nf6 2. c4 e6 3. Nc3 Bb4 4. Qc2 c5 5. dxc5 O-O
E40	Nimzo-Indian Defense: Rubinstein System	1. d4 Nf6 2. c4 e6 3. Nc3 Bb4 4. e3
E40	Nimzo-Indian Defense: Rubinstein System, Taimanov Variation	1. d4 Nf6 2. c4 e6 3. Nc3 Bb4 4. e3 Nc6
E41	Nimzo-Indian Defense: Rubinstein System, Hübner Variation	1. d4 Nf6 2. c4 e6 3. Nc3 Bb4 4. e3 c5 5. Bd3 Nc6 6. Nf3 Bxc3+ 7. bxc3 d6
E42	Nimzo-Indian Defense: Rubinstein System, Rubinstein Variation, Main Line	1. d4 Nf6 2. c4 e6 3. Nc3 Bb4 4. e3 c5 5. Ne2 cxd4 6. exd4 O-O 7. a3
E42	Nimzo-Indian Defense: Rubinstein System, Rubinstein Variation	1. d4 Nf6 2. c4 e6 3. Nc3 Bb4 4. e3 c5 5. Ne2
E43	Nimzo-Indian Defense: St. Petersburg Variation	1. d4 Nf6 2. c4 e6 3. Nc3 Bb4 4. e3 b6
E46	Nimzo-Indian Defense: Normal Variation	1. d4 Nf6 2. c4 e6 3. Nc3 Bb4 4. e3 O-O
E46	Nimzo-Indian Defense: Reshevsky Variation	1. d4 Nf6 2. c4 e6 3. Nc3 Bb4 4. e3 O-O 5. Ne2
E48	Nimzo-Indian Defense: Normal Variation, Classical Defense	1. d4 Nf6 2. c4 e6 3. Nc3 Bb4 4. e3 O-O 5. Bd3 d5
E49	Nimzo-Indian Defense: Normal Variation, Botvinnik System	1. d4 Nf6 2. c4 e6 3. Nc3 Bb4 4. e3 O-O 5. Bd3 d5 6. a3 Bxc3+ 7. bxc3
E51	Nimzo-Indian Defense: Normal Variation, Ragozin Variation	1. d4 Nf6 2. c4 e6 3. Nc3 Bb4 4. e3 O-O 5. Nf3 d5
E51	Nimzo-Indian Defense: Normal Variation, Sämisch Deferred	1. d4 Nf6 2. c4 e6 3. Nc3 Bb4 4. e3 O-O 5. Nf3 d5 6. a3
E53	Nimzo-Indian Defense: Normal Variation, Gligoric System	1. d4 Nf6 2. c4 e6 3. Nc3 Bb4 4. e3 O-O 5. Bd3 d5 6. Nf3 c5
E60	King's Indian Defense: Fianchetto Variation	1. d4 Nf6 2. c4 g6 3. Nf3 Bg7 4. g3
E60	King's Indian Defense: Normal Variation, King's Knight Variation	1. d4 Nf6 2. Nf3 g6 3. c4
E60	King's Indian Defense: Fianchetto Variation, Immediate Fianchetto	1. d4 Nf6 2. c4 g6 3. g3
E60	King's Indian Defense: Santasiere Variation	1. d4 Nf6 2. c4 g6 3. Nf3 Bg7 4. b4
E60	King's Indian Defense: Semi-Classical Variation, Benoni Variation	1. d4 Nf6 2. c4 g6 3. Nc3 Bg7 4. Nf3 O-O 5. e3 d6 6. Be2 c6
E60	King's Indian Defense: Semi-Classical Variation, Hollywood Variation	1. d4 Nf6 2. Nf3 g6 3. c4 Bg7 4. Nc3 O-O 5. e3 d6 6. Be2 Nc6
E61	King's Indian Defense	1. d4 Nf6 2. c4 g6 3. Nc3
E61	King's Indian Defense: Semi-Classical Variation	1. d4 Nf6 2. c4 g6 3. Nc3 Bg7 4. Nf3 O-O 5. e3 d6 6. Be2
E61	King's Indian Defense: Smyslov Variation	1. d4 Nf6 2. c4 g6 3. Nc3 Bg7 4. Nf3 d6 5. Bg5
E62	King's Indian Defense: Fianchetto Variation, Delayed Fianchetto	1. d4 Nf6 2. c4 g6 3. Nc3 Bg7 4. Nf3 d6 5. g3
E64	King's Indian Defense: Fianchetto Variation, Pterodactyl Variation	1. d4 Nf6 2. c4 g6 3. Nf3 Bg7 4. g3 c5 5. Bg2 Qa5+
E64	King's Indian Defense: Fianchetto Variation, Yugoslav System	1. d4 Nf6 2. c4 g6 3. Nf3 Bg7 4. g3 d6 5. Bg2 O-O 6. O-O c5
E69	King's Indian Defense: Fianchetto Variation, Classical Main Line	1. d4 Nf6 2. c4 g6 3. Nf3 Bg7 4. g3 O-O 5. Bg2 d6 6. O-O Nbd7 7. Nc3 e5 8. e4 c6 9. h3
E70	King's Indian Defense: Normal Variation	1. d4 Nf6 2. c4 g6 3. Nc3 Bg7 4. e4 d6
E70	King's Indian Defense: Normal Variation	1. d4 Nf6 2. c4 g6 3. Nc3 d6 4. e4 Bg7
E70	King's Indian Defense: Accelerated Averbakh Variation	1. d4 Nf6 2. c4 g6 3. Nc3 Bg7 4. e4 d6 5. Bg5
E70	King's Indian Defense: Kramer Variation	1. d4 Nf6 2. c4 g6 3. Nc3 Bg7 4. e4 d6 5. Nge2
E71	King's Indian Defense: Makogonov Variation	1. d4 Nf6 2. c4 g6 3. Nc3 Bg7 4. e4 d6 5. h3
E71	King's Indian Defense: Karpov System	1. d4 Nf6 2. c4 g6 3. Nc3 Bg7 4. e4 d6 5. h3 O-O 6. Be3
E72	King's Indian Defense: Normal Variation, Deferred Fianchetto	1. d4 Nf6 2. c4 g6 3. Nc3 Bg7 4. e4 d6 5. g3
E72	King's Indian Defense: Pomar System	1. d4 Nf6 2. c4 g6 3. Nc3 Bg7 4. e4 d6 5. g3 O-O 6. Bg2 e5 7. Nge2
E73	King's Indian Defense: Averbakh Variation	1. d4 Nf6 2. c4 g6 3. Nc3 Bg7 4. e4 d6 5. Be2 O-O 6. Bg5
E73	King's Indian Defense: Normal Variation, Standard Development	1. d4 Nf6 2. c4 g6 3. Nc3 Bg7 4. e4 d6 5. Be2
E73	King's Indian Defense: Semi-Averbakh System	1. d4 Nf6 2. c4 g6 3. Nc3 Bg7 4. e4 d6 5. Be2 O-O 6. Be3
E76	King's Indian Defense: Four Pawns Attack	1. d4 Nf6 2. c4 g6 3. Nc3 Bg7 4. e4 d6 5. f4
E76	King's Indian Defense: Four Pawns Attack, Dynamic Attack	1. d4 Nf6 2. c4 g6 3. Nc3 Bg7 4. e4 d6 5. f4 O-O 6. Nf3 c5 7. d5
E76	King's Indian Defense: Four Pawns Attack, Modern Defense	1. d4 Nf6 2. c4 g6 3. Nc3 Bg7 4. e4 d6 5. f4 Na6
E77	King's Indian Defense: Four Pawns Attack, Normal Attack	1. d4 Nf6 2. c4 g6 3. Nc3 Bg7 4. e4 d6 5. f4 O-O 6. Nf3 c5 7. d5 e6 8. Be2
E80	King's Indian Defense: Sämisch Variation	1. d4 Nf6 2. c4 g6 3. Nc3 Bg7 4. e4 d6 5. f3
E81	King's Indian Defense: Sämisch Variation, Normal Defense	1. d4 Nf6 2. c4 g6 3. Nc3 Bg7 4. e4 d6 5. f3 O-O
E81	King's Indian Defense: Steiner Attack	1. d4 Nf6 2. c4 g6 3. Nc3 Bg7 4. e4 d6 5. f3 O-O 6. Bg5
E83	King's Indian Defense: Sämisch Variation, Panno Formation	1. d4 Nf6 2. c4 g6 3. Nc3 Bg7 4. e4 d6 5. f3 O-O 6. Be3 Nc6 7. Nge2 a6
E85	King's Indian Defense: Sämisch Variation, Orthodox Variation	1. d4 Nf6 2. c4 g6 3. Nc3 Bg7 4. e4 d6 5. f3 O-O 6. Be3 e5
E87	King's Indian Defense: Sämisch Variation, Closed Variation	1. d4 Nf6 2. c4 g6 3. Nc3 Bg7 4. e4 d6 5. f3 O-O 6. Be3 e5 7. d5
E90	King's Indian Defense: Normal Variation, Rare Defenses	1. d4 Nf6 2. c4 g6 3. Nc3 Bg7 4. e4 d6 5. Nf3
E90	King's Indian Defense: Larsen Variation	1. d4 Nf6 2. c4 g6 3. Nc3 Bg7 4. e4 d6 5. Nf3 O-O 6. Be3
E90	King's Indian Defense: Zinnowitz Variation	1. d4 Nf6 2. c4 g6 3. Nc3 Bg7 4. e4 d6 5. Nf3 O-O 6. Bg5
E91	King's Indian Defense: Orthodox Variation	1. d4 Nf6 2. c4 g6 3. Nc3 Bg7 4. e4 d6 5. Nf3 O-O 6. Be2
E92	King's Indian Defense: Petrosian Variation	1. d4 Nf6 2. c4 g6 3. Nc3 Bg7 4. e4 d6 5. Nf3 O-O 6. Be2 e5 7. d5
E92	King's Indian Defense: Orthodox Variation, Gligoric-Taimanov System	1. d4 Nf6 2. c4 g6 3. Nc3 Bg7 4. e4 d6 5. Nf3 O-O 6. Be2 e5 7. Be3
E97	King's Indian Defense: Orthodox Variation, Bayonet Attack	1. d4 Nf6 2. c4 g6 3. Nc3 Bg7 4. e4 d6 5. Nf3 O-O 6. Be2 e5 7. O-O Nc6 8. d5 Ne7 9. b4
E98	King's Indian Defense: Orthodox Variation, Classical System	1. d4 Nf6 2. c4 g6 3. Nc3 Bg7 4. e4 d6 5. Nf3 O-O 6. Be2 e5 7. O-O Nc6 8. d5 Ne7 9. Ne1
E99	King's Indian Defense: Orthodox Variation, Classical System, Traditional Line	1. d4 Nf6 2. c4 g6 3. Nc3 Bg7 4. e4 d6 5. Nf3 O-O 6. Be2 e5 7. O-O Nc6 8. d5 Ne7 9. Ne1 Nd7 10. f3 f5
